{
    "data": {
        "Time": [
            0.0,
            0.03,
            0.06,
            0.09,
            0.12,
            0.15,
            0.18,
            0.21,
            0.24,
            0.27,
            0.3,
            0.33,
            0.36,
            0.39,
            0.42,
            0.45,
            0.48,
            0.51,
            0.54,
            0.57,
            0.6,
            0.63,
            0.66,
            0.69,
            0.72,
            0.75,
            0.78,
            0.81,
            0.84,
            0.87,
            0.9,
            0.93,
            0.96,
            0.99,
            1.02,
            1.05,
            1.08,
            1.11,
            1.14,
            1.17,
            1.2,
            1.23,
            1.26,
            1.29,
            1.32,
            1.35,
            1.38,
            1.41,
            1.44,
            1.47,
            1.5,
            1.53,
            1.56,
            1.59,
            1.62,
            1.65,
            1.68,
            1.71,
            1.74,
            1.77,
            1.8,
            1.83,
            1.86,
            1.89,
            1.92,
            1.95,
            1.98,
            2.01,
            2.04,
            2.07,
            2.1,
            2.13,
            2.16,
            2.19,
            2.22,
            2.25,
            2.28,
            2.31,
            2.34,
            2.37,
            2.4,
            2.43,
            2.46,
            2.49,
            2.52,
            2.55,
            2.58,
            2.61,
            2.64,
            2.67,
            2.7,
            2.73,
            2.76,
            2.79,
            2.82,
            2.85,
            2.88,
            2.91,
            2.94,
            2.97,
            3.0
        ],
        "A": {
            "runs": [
                [
                    100.0,
                    94.25878525226301,
                    88.99385475340097,
                    84.15039385620904,
                    79.68167467571197,
                    75.5476171286554,
                    71.71364717160425,
                    68.14978221949252,
                    64.82989315481612,
                    61.73110433310258,
                    58.833302157268655,
                    56.1187302421242,
                    53.57165354972947,
                    51.17807873347281,
                    48.92551944159134,
                    46.802798494461456,
                    44.79988058493859,
                    42.907729978274844,
                    41.11818895979552,
                    39.42387360518658,
                    37.8180840567057,
                    36.29472699681666,
                    34.848248528813244,
                    33.473575603126655,
                    32.16606506834353,
                    30.921459043075014,
                    29.73584566275772,
                    28.605624631202435,
                    27.52747676543428,
                    26.498337030424164,
                    25.515370663328305,
                    24.57595192084476,
                    23.677645133582832,
                    22.8181878086238,
                    21.995475487031314,
                    21.2075481710716,
                    20.452578181294733,
                    19.728859077351625,
                    19.034795861246423,
                    18.368895958867302,
                    17.729761191481874,
                    17.116080381634955,
                    16.526622740100134,
                    15.960231777773407,
                    15.415819814677715,
                    14.892362933700573,
                    14.388896401314414,
                    13.904510456751803,
                    13.438346474371683,
                    12.98959343307995,
                    12.557484681766677,
                    12.141294962022535,
                    11.740337667127628,
                    11.353962329338124,
                    10.981552299277679,
                    10.622522561434781,
                    10.27631779326408,
                    9.942410497328302,
                    9.620299313650346,
                    9.30950744610923,
                    9.009581178761142,
                    8.720088539819093,
                    8.440618018916398,
                    8.170777400074405,
                    7.910192665019589,
                    7.658506964966789,
                    7.415379677952181,
                    7.180485508163647,
                    6.953513661108467,
                    6.734167063795967,
                    6.5221616345564195,
                    6.317225605722436,
                    6.119098878705756,
                    5.927532428738617,
                    5.742287738789222,
                    5.563136271924079,
                    5.389858979971624,
                    5.22224582743007,
                    5.060095350194491,
                    4.903214251011973,
                    4.751417001719497,
                    4.60452547314486,
                    4.462368595079249,
                    4.324782022968023,
                    4.191607824961576,
                    4.0626941957130915,
                    3.937895175658851,
                    3.817070386261056,
                    3.7000847864037834,
                    3.586808434953573,
                    3.4771162655306624,
                    3.370887878841963,
                    3.2680073405163563,
                    3.168362988370221,
                    3.071847254675531,
                    2.978356493235631,
                    2.887790814436611,
                    2.8000539319305506,
                    2.7150530141980833,
                    2.6326985422862306,
                    2.5529041775236725
                ]
            ]
        },